<?xml version="1.0"?>

<!--
   Licensed to the Apache Software Foundation (ASF) under one or more
  contributor license agreements.  See the NOTICE file distributed with
  this work for additional information regarding copyright ownership.
  The ASF licenses this file to You under the Apache License, Version 2.0
  (the "License"); you may not use this file except in compliance with
  the License.  You may obtain a copy of the License at

       http://www.apache.org/licenses/LICENSE-2.0

   Unless required by applicable law or agreed to in writing, software
   distributed under the License is distributed on an "AS IS" BASIS,
   WITHOUT WARRANTIES OR CONDITIONS OF ANY KIND, either express or implied.
   See the License for the specific language governing permissions and
   limitations under the License.
  -->
  
<?xml-stylesheet type="text/xsl" href="./xdoc.xsl"?>
<!-- $Revision: 619641 $ $Date: 2008-02-07 16:17:35 -0500 (Thu, 07 Feb 2008) $ -->
<document url="special.html">
  <properties>
    <title>The Commons Math User Guide - Special Functions</title>
  </properties>
  <body>
    <section name="5 Special Functions">
      <subsection name="5.1 Overview" href="overview">
        <p>
          The special functions portion of Commons-Math contains several useful functions not
          provided by <code>java.lang.Math</code>.  These functions mostly serve as building blocks
          for other portions of Commons-Math but, as others may find them useful as stand-alone
          methods, these special functions were included as part of the Commons-Math public API.
        </p>
      </subsection>
      <subsection name="5.2 Erf functions" href="erf">
        <p>
          <code>org.apache.commons.math.special.Erf</code> contains several useful functions involving the Error Function, Erf.
          <table>
            <tr><th>Function</th><th>Method</th><th>Reference</th></tr>
            <tr><td>Error Function</td><td>erf</td><td>See <a href="http://mathworld.wolfram.com/Erf.html">Erf</a> from MathWorld</td></tr>
          </table>
        </p>
      </subsection>
      <subsection name="5.3 Gamma functions" href="gamma">
        <p>
          <code>org.apache.commons.math.special.Gamma</code> contains several useful functions involving the Gamma Function.
          <table>
            <tr><th>Function</th><th>Method</th><th>Reference</th></tr>
            <tr><td>Log Gamma</td><td>logGamma</td><td>See <a href="http://mathworld.wolfram.com/GammaFunction.html">Gamma Function</a> from MathWorld</td></tr>
            <tr><td>Regularized Gamma</td><td>regularizedGammaP</td><td>See <a href="http://mathworld.wolfram.com/RegularizedGammaFunction.html">Regularized Gamma Function</a> from MathWorld</td></tr>
          </table>
        </p>
      </subsection>
      <subsection name="5.4 Beta funtions" href="beta">
        <p>
          <code>org.apache.commons.math.special.Beta</code> contains several useful functions involving the Beta Function.
          <table>
            <tr><th>Function</th><th>Method</th><th>Reference</th></tr>
            <tr><td>Log Beta</td><td>logBeta</td><td>See <a href="http://mathworld.wolfram.com/BetaFunction.html">Beta Function</a> from MathWorld</td></tr>
            <tr><td>Regularized Beta</td><td>regularizedBeta</td><td>See <a href="http://mathworld.wolfram.com/RegularizedBetaFunction.html">Regularized Beta Function</a> from MathWorld</td></tr>
          </table>
        </p>
      </subsection>
    </section>
  </body>
</document>
